energy_keV,mass_atten_coeff_cm2_g
0.0,3915.6
0.0750375187593797,3915.6
0.1500750375187594,3915.6
0.2251125562781391,3915.6
0.3001500750375188,3915.6
0.3751875937968985,3915.6
0.4502251125562782,3915.6
0.5252626313156579,3915.6
0.6003001500750376,3915.6
0.6753376688344173,3915.6
0.750375187593797,3915.6
0.8254127063531767,3915.6
0.9004502251125563,3915.6
0.975487743871936,3915.6
1.0505252626313157,2837.193785357336
1.1255627813906954,2656.972166069531
1.2006003001500751,2413.9038677243934
1.2756378189094548,2055.7090393409812
1.3506753376688345,1662.0127197696183
1.4257128564282142,1312.4399478606297
1.500750375187594,1086.6065817353726
1.5757878939469736,956.624349249185
1.6508254127063533,843.7941151676736
1.725862931465733,746.053415231416
1.8009004502251127,661.3397851809893
1.8759379689844924,587.5907607569712
1.950975487743872,522.743877699939
2.026013006503252,463.42003076241883
2.1010505252626315,408.5720258096165
2.176088044022011,393.01069390553425
2.251125562781391,353.02360555334224
2.326163081540771,314.9443150441494
2.4012006003001503,280.7401747960845
2.4762381190595297,268.5391597580226
2.5512756378189096,252.3521431570042
2.6263131565782896,226.1673201724231
2.701350675337669,205.61635639087368
2.7763881940970485,187.27060230500132
2.8514257128564284,182.86108118416993
2.9264632316158083,168.8882232681843
3.001500750375188,154.41255148904727
3.0765382691345673,145.22612670128368
3.151575787893947,136.41221346440128
3.226613306653327,127.98240214263683
3.3016508254127066,119.94828310022702
3.376688344172086,112.32144670140843
3.451725862931466,105.11348331041768
3.526763381690846,98.3359832914915
3.6018009004502254,92.00053700886656
3.676838419209605,86.11873482677946
3.7518759379689848,80.70216710946684
3.8269134567283647,75.7624242211654
3.901950975487744,71.3110965261118
3.9769884942471236,67.35977438854266
4.052026013006504,63.84301613614915
4.1270635317658835,60.53525416008731
4.202101050525263,57.41494857925086
4.277138569284642,54.47534217800217
4.352176088044022,51.70967774070356
4.427213606803402,49.111198051717324
4.502251125562782,46.67314589540589
4.577288644322161,44.38876405613154
4.652326163081542,42.2512953182566
4.727363681840921,40.253982466143455
4.8024012006003005,38.39006828415442
4.87743871935968,36.652795556651824
4.9524762381190595,35.035407067998
5.02751375687844,33.52783974242347
5.102551275637819,32.08965253444386
5.177588794397199,30.711196126478473
5.252626313156579,29.39318353808228
5.327663831915959,28.136327788810277
5.402701350675338,26.941341898217416
5.4777388694347176,25.808938885858673
5.552776388194097,24.739831771289015
5.627813906953477,23.734733574063412
5.702851425712857,22.79435731373685
5.777888944472236,21.919416009864293
5.852926463231617,21.1106226820007
5.927963981990996,20.368690349701065
6.003001500750376,19.694290996087066
6.078039019509755,19.06037506478852
6.153076538269135,18.443337511714912
6.228114057028515,17.843086680056956
6.303151575787894,17.2595309130054
6.378189094547274,16.692578553750966
6.453226613306654,16.14213794548439
6.528264132066034,15.608117431396408
6.603301650825413,15.090425354677746
6.678339169584793,14.588970058519141
6.753376688344172,14.103659886111322
6.8284142071035525,13.634403180645013
6.903451725862932,13.18110828531096
6.9784892446223115,12.74368354329989
7.053526763381692,12.322037297802527
7.128564282141071,11.916077892009616
7.203601800900451,11.525713669111884
7.27863931965983,11.150852972300058
7.35367683841921,10.791404144764876
7.42871435717859,10.447275529697064
7.5037518759379696,10.118375470287361
7.578789394697349,9.804612309726496
7.653826913456729,9.505894391205196
7.728864432216109,9.222130057914201
7.803901950975488,8.953227653044241
7.878939469734868,8.699095519786043
7.953976988494247,8.459642001330344
8.029014507253628,8.234066674341019
8.104052026013008,8.015332105761164
8.179089544772387,7.801689943574004
8.254127063531767,7.593183597603707
8.329164582291146,7.389856477674456
8.404202101050526,7.191751993610424
8.479239619809906,6.99891355523579
8.554277138569285,6.8113845723747355
8.629314657328665,6.62920845485143
8.704352176088044,6.452428612490059
8.779389694847424,6.281088455114792
8.854427213606805,6.11523139254981
8.929464732366183,5.954900834619292
9.004502251125563,5.800140191147411
9.079539769884944,5.650992871958348
9.154577288644322,5.507502286876281
9.229614807403703,5.369711845725381
9.304652326163083,5.23766495832983
9.379689844922462,5.111405034513808
9.454727363681842,4.9909754841014875
9.52976488244122,4.876419716917049
9.604802401200601,4.767781142784664
9.679839919959981,4.665103171528516
9.75487743871936,4.568429212972781
9.82991495747874,4.477802676941633
9.904952476238119,4.393266973259255
9.9799899949975,4.314865511749817
10.05502751375688,4.241238633464137
10.130065032516258,4.168776658095623
10.205102551275639,4.097290767236603
10.280140070035019,4.026777112132898
10.355177588794398,3.957231844030325
10.430215107553778,3.888651114174698
10.505252626313158,3.821031073811836
10.580290145072537,3.754367874187558
10.655327663831917,3.6886576665476785
10.730365182591296,3.623896602138016
10.805402701350676,3.5600808322043864
10.880440220110057,3.4972065079926082
10.955477738869435,3.4352697807484995
11.030515257628815,3.3742668017178743
11.105552776388194,3.314193722146554
11.180590295147574,3.2550466932803515
11.255627813906955,3.196821866365086
11.330665332666333,3.1395153926465755
11.405702851425714,3.083123423370635
11.480740370185094,3.0276421097830837
11.555777888944473,2.9730676031297394
11.630815407703853,2.9193960546564157
11.705852926463233,2.8666236156089333
11.780890445222612,2.814746437233109
11.855927963981992,2.7637606707747575
11.930965482741371,2.7136624674796987
12.006003001500751,2.664447978593748
12.081040520260132,2.6161133553627236
12.15607803901951,2.5686547490324427
12.23111555777889,2.5220683108487214
12.30615307653827,2.476350192057379
12.38119059529765,2.4314965439042298
12.45622811405703,2.387503517635093
12.531265632816408,2.344367264495786
12.606303151575789,2.3020839357321243
12.68134067033517,2.260649682589926
12.756378189094548,2.2200606563150096
12.831415707853928,2.18031300815319
12.906453226613309,2.141402889350285
12.981490745372687,2.1033264511521135
13.056528264132067,2.06607984480449
13.131565782891446,2.029659221553235
13.206603301650826,1.994060732644162
13.281640820410207,1.9592805293230902
13.356678339169585,1.9253147628358371
13.431715857928966,1.8921595844282195
13.506753376688344,1.8598111453460542
13.581790895447725,1.828265596835158
13.656828414207105,1.7975190901413487
13.731865932966484,1.7675677765104447
13.806903451725864,1.7384078071882607
13.881940970485244,1.7100353334206153
13.956978489244623,1.6824465064533263
14.032016008004003,1.6556374775322091
14.107053526763384,1.6296043979030819
14.182091045522762,1.604343418811763
14.257128564282143,1.5798506915040673
14.332166083041521,1.5561223672258135
14.407203601800902,1.5331545972228193
14.482241120560282,1.5109435327409
14.55727863931966,1.4894853250258746
14.63231615807904,1.4687761253235583
14.70735367683842,1.4488120848797703
14.7823911955978,1.4295893549403267
14.85742871435718,1.4111040867510443
14.932466233116559,1.393352431557743
15.007503751875939,1.3763279464252844
15.08254127063532,1.3597213038950282
15.157578789394698,1.3433212487226418
15.232616308154078,1.3271270791676903
15.307653826913459,1.3111380934897399
15.382691345672837,1.2953535899483568
15.457728864432218,1.279772866803106
15.532766383191596,1.2643952223135546
15.607803901950977,1.249219954739267
15.682841420710357,1.2342463623398097
15.757878939469736,1.219473743374749
15.832916458229116,1.2049013961036497
15.907953976988495,1.190528618786078
15.982991495747875,1.1763547096815996
16.058029014507255,1.1623789670497808
16.133066533266636,1.148600689150187
16.208104052026016,1.1350191742423843
16.283141570785393,1.1216337205859386
16.358179089544773,1.1084436264404152
16.433216608304154,1.09544819006538
16.508254127063534,1.0826467097203991
16.583291645822914,1.0700384836650385
16.65832916458229,1.0576228101588643
16.73336668334167,1.0453989874614409
16.808404202101052,1.033366313832335
16.883441720860432,1.0215240875311122
16.958479239619813,1.0098716068173388
17.03351675837919,0.998408169950581
17.10855427713857,0.9871330751904033
17.18359179589795,0.9760456207963721
17.25862931465733,0.9651451050280533
17.33366683341671,0.9544308261450127
17.408704352176088,0.9439020824068166
17.483741870935468,0.9335581720730298
17.55877938969485,0.9233983934032187
17.63381690845423,0.9134220446569491
17.70885442721361,0.9036284240937867
17.78389194597299,0.8940168299732976
17.858929464732366,0.8845865605550477
17.933966983491747,0.8753369140986021
18.009004502251127,0.866267188863527
18.084042021010507,0.8573766831093885
18.159079539769888,0.8486646950957519
18.234117058529264,0.8401305230821838
18.309154577288645,0.8317734653282491
18.384192096048025,0.8235928200935141
18.459229614807406,0.8155878856375446
18.534267133566786,0.8077579602199063
18.609304652326166,0.8001023421001651
18.684342171085543,0.7926203295378871
18.759379689844923,0.7853112207926375
18.834417208604304,0.7781743141239824
18.909454727363684,0.7712089077914875
18.984492246123065,0.764414300054719
19.05952976488244,0.7577897891732429
19.13456728364182,0.7513346734066241
19.209604802401202,0.7450482510144288
19.284642321160582,0.7389298202562231
19.359679839919963,0.7329786793915728
19.43471735867934,0.7271941266800438
19.50975487743872,0.721575460381201
19.5847923961981,0.7161219787546113
19.65982991495748,0.71083298005984
19.73486743371686,0.7057077625564531
19.809904952476238,0.7007456245040167
19.884942471235618,0.6959458641620957
19.959979989995,0.6913077797902567
20.03501750875438,0.6868166956168241
20.11005502751376,0.6823760195077782
20.18509254627314,0.677967373755161
20.260130065032516,0.6735906611040111
20.335167583791897,0.6692457842993664
20.410205102551277,0.6649326460862648
20.485242621310658,0.6606511492097447
20.560280140070038,0.6564011964148442
20.635317658829415,0.6521826904466016
20.710355177588795,0.6479955340500547
20.785392696348175,0.6438396299702418
20.860430215107556,0.6397148809522012
20.935467733866936,0.6356211897409707
21.010505252626317,0.6315584590815889
21.085542771385693,0.6275265917190936
21.160580290145074,0.6235254903985231
21.235617808904454,0.6195550578649153
21.310655327663834,0.6156151968633086
21.385692846423215,0.6117058101387409
21.46073036518259,0.6078268004362508
21.535767883941972,0.603978070500876
21.610805402701352,0.6001595230776545
21.685842921460733,0.596371060911625
21.760880440220113,0.5926125867478252
21.83591795897949,0.5888840033312936
21.91095547773887,0.585185213407068
21.98599299649825,0.5815161197201867
22.06103051525763,0.5778766250156877
22.13606803401701,0.5742666320386093
22.211105552776388,0.5706860435339899
22.28614307153577,0.567134762246867
22.36118059029515,0.5636126909222792
22.43621810905453,0.5601197323052644
22.51125562781391,0.5566557891408609
22.58629314657329,0.5532207641741067
22.661330665332667,0.5498145601500405
22.736368184092047,0.5464370798136995
22.811405702851427,0.5430882259101224
22.886443221610808,0.5397679011843474
22.961480740370188,0.5364760083814124
23.036518259129565,0.5332124502463558
23.111555777888945,0.5299771295242155
23.186593296648326,0.5267699489600296
23.261630815407706,0.5235908112988364
23.336668334167086,0.5204396192856742
23.411705852926467,0.5173162756655808
23.486743371685844,0.5142206831835946
23.561780890445224,0.5111527445847535
23.636818409204604,0.5081123626140958
23.711855927963985,0.5050994400166595
23.786893446723365,0.5021138795374831
23.861930965482742,0.4991555839216044
23.936968484242122,0.49622445591406156
24.012006003001503,0.4933203982598929
24.087043521760883,0.49044331370413635
24.162081040520263,0.4875931049918302
24.23711855927964,0.48476967486801265
24.31215607803902,0.48197292607772163
24.3871935967984,0.4792027613659953
24.46223111555778,0.476459083477872
24.53726863431716,0.47374179515838977
24.61230615307654,0.47105079915258674
24.68734367183592,0.4683859982055011
24.7623811905953,0.46574729506217083
24.83741870935468,0.46313459246763417
24.91245622811406,0.46054779316692934
24.98749374687344,0.4579867999050944
25.062531265632817,0.45545151542716755
25.137568784392197,0.4529418424781868
25.212606303151578,0.45045768380319046
25.287643821910958,0.4479989421472165
25.36268134067034,0.44556552025530316
25.437718859429715,0.44315732087248866
25.512756378189096,0.440774246743811
25.587793896948476,0.43841620061430836
25.662831415707856,0.43608308522901884
25.737868934467237,0.4337748033329807
25.812906453226617,0.431491257671232
25.887943971985994,0.4292323509888109
25.962981490745374,0.4269979860307555
26.038019009504755,0.4247880655421041
26.113056528264135,0.4226024922678946
26.188094047023515,0.4204411689531652
26.263131565782892,0.4183039983429543
26.338169084542272,0.41619088318229963
26.413206603301653,0.4141017262162396
26.488244122061033,0.4120364301898123
26.563281640820414,0.40999489784805576
26.63831915957979,0.4079770319360085
26.71335667833917,0.4059827351987082
26.78839419709855,0.40401191038119316
26.86343171585793,0.40206446022850156
26.938469234617312,0.40014028748567154
27.01350675337669,0.3982392948977413
27.08854427213607,0.39636138520974884
27.16358179089545,0.3945064611667323
27.23861930965483,0.3926744255137299
27.31365682841421,0.3908651809957798
27.38869434717359,0.3890786303579201
27.463731865932967,0.38731467634518907
27.538769384692348,0.3855732217026246
27.613806903451728,0.383854169175265
27.68884442221111,0.38215742150814835
27.76388194097049,0.3804828814463128
27.838919459729865,0.37883045173479657
27.913956978489246,0.3772000351186377
27.988994497248626,0.37559153434287434
28.064032016008007,0.37400485215254464
28.139069534767387,0.37243989129268673
28.214107053526767,0.37089655450833886
28.289144572286144,0.3693747445445391
28.364182091045524,0.36787436414632557
28.439219609804905,0.3663953160587363
28.514257128564285,0.36493750302680966
28.589294647323666,0.36350082779558374
28.664332166083042,0.3620851931100965
28.739369684842423,0.3606905017153863
28.814407203601803,0.35931665635649107
28.889444722361183,0.3579635597784492
28.964482241120564,0.35663111472629855
29.03951975987994,0.3553192239450774
29.11455727863932,0.3540277901798241
29.1895947973987,0.3527567161755764
29.26463231615808,0.35150590467737264
29.339669834917462,0.35027525843025104
29.41470735367684,0.34906468017924963
29.48974487243622,0.3478740726694065
29.5647823911956,0.34670333864576
29.63981990995498,0.34555238085334794
29.71485742871436,0.34442110203720866
29.78989494747374,0.34330940494238044
29.864932466233117,0.34221719231390124
29.939969984992498,0.34114436689680916
30.015007503751878,0.3400905975369515
30.09004502251126,0.33904808289538546
30.16508254127064,0.3380130376347938
30.240120060030016,0.3369854252890588
30.315157578789396,0.33596520939206254
30.390195097548776,0.33495235347768737
30.465232616308157,0.3339468210798154
30.540270135067537,0.3329485757323289
30.615307653826918,0.3319575809691101
30.690345172586294,0.3309738003240413
30.765382691345675,0.3299971973310045
30.840420210105055,0.3290277355238822
30.915457728864435,0.3280653784365564
30.990495247623816,0.32711008960290944
31.065532766383193,0.3261618325568235
31.140570285142573,0.3252205708321808
31.215607803901953,0.3242862679628635
31.290645322661334,0.32335888748275393
31.365682841420714,0.32243839292573423
31.44072036018009,0.32152474782568663
31.51575787893947,0.32061791571649345
31.59079539769885,0.31971786013203685
31.665832916458232,0.3188245446061989
31.740870435217612,0.317937932672862
31.81590795397699,0.31705798786590844
31.89094547273637,0.31618467371922016
31.96598299149575,0.31531795376667965
32.04102051025513,0.31445779154216896
32.11605802901451,0.3136041505795704
32.19109554777389,0.31275699441276616
32.26613306653327,0.31191628657563847
32.34117058529265,0.3110819906020695
32.41620810405203,0.3102540700259416
32.491245622811405,0.30943248838113696
32.566283141570786,0.3086172092015376
32.641320660330166,0.30780819602102594
32.716358179089546,0.30700541237348417
32.79139569784893,0.30620882179279446
32.86643321660831,0.3054183878128391
32.94147073536769,0.30463407396750014
33.01650825412707,0.30385584379066
33.09154577288645,0.3030836608162009
33.16658329164583,0.30231748857800494
33.2416208104052,0.30155729060995445
33.31665832916458,0.30080303044593154
33.39169584792396,0.30005467161981847
33.46673336668334,0.29931217766549745
33.54177088544272,0.29857551211685074
33.616808404202104,0.2978446385077606
33.691845922961484,0.29711952037210904
33.766883441720864,0.29640012124377857
33.841920960480245,0.29568640465665125
33.916958479239625,0.2949783341446092
33.991995997999005,0.2942758732415349
34.06703351675838,0.29357898548131056
34.14207103551776,0.2928876343978181
34.21710855427714,0.2922017835249399
34.29214607303652,0.2915213963965583
34.3671835917959,0.2908464365465553
34.44222111055528,0.2901768675088133
34.51725862931466,0.28951265281721444
34.59229614807404,0.28885375600564095
34.66733366683342,0.28820014060797505
34.7423711855928,0.28755177015809896
34.817408704352175,0.286908608189895
34.892446223111556,0.28627061823724526
34.967483741870936,0.285637763834032
35.042521260630316,0.2850100085141373
35.1175587793897,0.28438731581144366
35.19259629814908,0.28376964925983317
35.26763381690846,0.283156972393188
35.34267133566784,0.2825492487453904
35.41770885442722,0.28194644185032264
35.4927463731866,0.2813485152418668
35.56778389194598,0.2807554324539053
35.64282141070535,0.2801671570203203
35.71785892946473,0.27958365247499395
35.79289644822411,0.2790048823518084
35.86793396698349,0.2784308101846461
35.94297148574287,0.2778613995073891
36.018009004502254,0.2772966138539196
36.093046523261634,0.27673641675811994
36.168084042021015,0.2761807717538723
36.243121560780395,0.2756296423750589
36.318159079539775,0.2750829921555619
36.393196598299156,0.27454078462926357
36.46823411705853,0.2740029833300462
36.54327163581791,0.2734695517917919
36.61830915457729,0.27294045354838287
36.69334667333667,0.27241565213370145
36.76838419209605,0.2718951110816297
36.84342171085543,0.27137879392605
36.91845922961481,0.27086666420084454
36.99349674837419,0.27035868543989544
37.06853426713357,0.2698548211770851
37.14357178589295,0.26935503494629554
37.21860930465233,0.26885929028140915
37.293646823411706,0.268367550716308
37.368684342171086,0.26787977978487443
37.44372186093047,0.2673959410209906
37.51875937968985,0.2669159979585387
37.59379689844923,0.26643991413140106
37.66883441720861,0.26596765307345976
37.74387193596799,0.2654991783185971
37.81890945472737,0.2650344534006953
37.89394697348675,0.2645734418536366
37.96898449224613,0.26411610721130324
38.0440220110055,0.26366241300757737
38.11905952976488,0.26321232277634116
38.19409704852426,0.2627658000514769
38.26913456728364,0.26232280836686694
38.344172086043024,0.2618833112563933
38.419209604802404,0.26144727225393827
38.494247123561784,0.2610146548933841
38.569284642321165,0.260585422708613
38.644322161080545,0.2601595392335071
38.719359679839926,0.25973696800194873
38.794397198599306,0.2593176725478201
38.86943471735868,0.25890161640500353
38.94447223611806,0.258488763107381
39.01950975487744,0.2580790761888348
39.09454727363682,0.2576725191832473
39.1695847923962,0.25726905562450053
39.24462231115558,0.2568686490464768
39.31965982991496,0.2564712629830584
39.39469734867434,0.25607686096812743
39.46973486743372,0.2556854065355662
39.5447723861931,0.2552968632192568
39.619809904952476,0.2549111945530817
39.694847423711856,0.25452836407092294
39.769884942471236,0.2541483353066627
39.84492246123062,0.25377107179418323
39.91995997999,0.25339653706736687
39.99499749874938,0.25302469466009564
40.07003501750876,0.25265529465883324
40.14507253626814,0.2522880411817122
40.22011005502752,0.2519229225077711
40.2951475737869,0.2515599280242163
40.37018509254628,0.25119904711825447
40.44522261130565,0.25084026917709196
40.52026013006503,0.2504835835879353
40.59529764882441,0.2501289797379909
40.670335167583794,0.24977644701446547
40.745372686343174,0.24942597480456538
40.820410205102554,0.24907755249549715
40.895447723861935,0.24873116947446722
40.970485242621315,0.24838681512868213
41.045522761380695,0.24804447884534836
41.120560280140076,0.24770415001167245
41.195597798899456,0.24736581801486088
41.27063531765883,0.24702947224212013
41.34567283641821,0.24669510208065668
41.42071035517759,0.246362696917677
41.49574787393697,0.24603224614038768
41.57078539269635,0.24570373913599514
41.64582291145573,0.2453771652917059
41.72086043021511,0.24505251399472647
41.79589794897449,0.24472977463226328
41.87093546773387,0.2444089365915229
41.94597298649325,0.24408998925971187
42.02101050525263,0.24377292202403658
42.096048024012006,0.24345772427170356
42.17108554277139,0.2431443853899193
42.24612306153077,0.24283289476589032
42.32116058029015,0.2425232417868231
42.39619809904953,0.24221541583992415
42.47123561780891,0.24190940631239993
42.54627313656829,0.24160520259145699
42.62131065532767,0.24130279406430175
42.69634817408705,0.2410021701181408
42.77138569284643,0.24070332014018056
42.8464232116058,0.24040623351762758
42.92146073036518,0.2401108996376883
42.99649824912456,0.23981730788756928
43.071535767883944,0.23952544765447695
43.146573286643324,0.23923530832561782
43.221610805402705,0.2389468792881984
43.296648324162085,0.23866014992942525
43.371685842921465,0.23837510963650477
43.446723361680846,0.23809174779664347
43.521760880440226,0.2378100537970479
43.596798399199606,0.23753001702492452
43.67183591795898,0.23725162686747983
43.74687343671836,0.2369748727119203
43.82191095547774,0.23669974394545248
43.89694847423712,0.2364262299552828
43.9719859929965,0.23615432012861784
44.04702351175588,0.235884003852664
44.12206103051526,0.23561527051462786
44.19709854927464,0.23534810950171586
44.27213606803402,0.23508251020113452
44.3471735867934,0.23481846200009032
44.422211105552776,0.2345559542857898
44.49724862431216,0.23429497644543942
44.57228614307154,0.23403551786624566
44.64732366183092,0.23377756793541501
44.7223611805903,0.23352111604015402
44.79739869934968,0.23326615156766914
44.87243621810906,0.2330126639051669
44.94747373686844,0.23276064243985375
45.02251125562782,0.23251007655893627
45.0975487743872,0.23226095564962085
45.17258629314658,0.23201326909911404
45.24762381190595,0.23176700629462238
45.32266133066533,0.23152215662335227
45.397698849424714,0.23127870947251028
45.472736368184094,0.23103665422930283
45.547773886943475,0.2307959802809365
45.622811405702855,0.23055667701461774
45.697848924462235,0.2303187338175531
45.772886443221616,0.230082140076949
45.847923961980996,0.22984688518001198
45.922961480740376,0.2296129585139485
45.99799899949976,0.22938034946596508
46.07303651825913,0.22914904742326825
46.14807403701851,0.22891904177306444
46.22311155577789,0.22869032190256022
46.29814907453727,0.228462877198962
46.37318659329665,0.22823669704947633
46.44822411205603,0.2280117708413097
46.52326163081541,0.2277880879616686
46.59829914957479,0.22756563779775954
46.67333666833417,0.227344409736789
46.74837418709355,0.22712439316596345
46.82341170585293,0.22690557747248943
46.89844922461231,0.22668795204357345
46.97348674337169,0.22647150626642196
47.04852426213107,0.22625622952824145
47.12356178089045,0.2260421112162385
47.19859929964983,0.22582914071761948
47.27363681840921,0.225617307419591
47.34867433716859,0.22540660070935944
47.42371185592797,0.22519700997413142
47.49874937468735,0.22498852460111335
47.57378689344673,0.22478113397751173
47.6488244122061,0.22457482749053315
47.723861930965484,0.224369594527384
47.798899449724864,0.22416542447527082
47.873936968484244,0.22396230672140008
47.948974487243625,0.2237602306529783
48.024012006003005,0.22355918565721197
48.099049524762385,0.2233591611213076
48.174087043521766,0.22316014643247165
48.249124562281146,0.22296213097791065
48.32416208104053,0.22276510414483103
48.39919959979991,0.2225690553204394
48.47423711855928,0.2223739738919422
48.54927463731866,0.2221798492465459
48.62431215607804,0.221986670771457
48.69934967483742,0.22179442785388204
48.7743871935968,0.22160310988102744
48.84942471235618,0.22141270624009982
48.92446223111556,0.22122320631830555
48.99949974987494,0.22103459950285115
49.07453726863432,0.22084687518094318
49.1495747873937,0.2206600227397881
49.22461230615308,0.22047403156659243
49.29964982491246,0.22028889104856259
49.37468734367184,0.22010459057290513
49.44972486243122,0.21992111952682655
49.5247623811906,0.21973846729753335
49.59979989994998,0.21955662327223202
49.67483741870936,0.219375576838129
49.74987493746874,0.21919531738243084
49.82491245622812,0.21901583429234406
49.8999499749875,0.21883711695507516
49.97498749374688,0.21865915475783054
50.050025012506254,0.21848193468437757
50.125062531265634,0.21830544224574816
50.200100050025014,0.2181296745704952
50.275137568784395,0.21795462954543132
50.350175087543775,0.21778030505736926
50.425212606303155,0.21760669899312177
50.500250125062536,0.21743380923950156
50.575287643821916,0.2172616336833213
50.6503251625813,0.2170901702113938
50.72536268134068,0.2169194167105317
50.80040020010006,0.21674937106754774
50.87543771885943,0.21658003116925473
50.95047523761881,0.21641139490246522
51.02551275637819,0.21624346015399204
51.10055027513757,0.21607622481064792
51.17558779389695,0.2159096867592455
51.25062531265633,0.21574384388659756
51.32566283141571,0.21557869407951682
51.40070035017509,0.215414235224816
51.47573786893447,0.2152504652093078
51.550775387693854,0.21508738191980492
51.625812906453234,0.21492498324312012
51.70085042521261,0.21476326706606616
51.77588794397199,0.21460223127545566
51.85092546273137,0.2144418737581014
51.92596298149075,0.21428219240081603
52.00100050025013,0.2141231850904124
52.07603801900951,0.2139648497137031
52.15107553776889,0.21380718415750094
52.22611305652827,0.2136501863086186
52.30115057528765,0.21349385405386878
52.37618809404703,0.21333818528006424
52.451225612806404,0.2131831778740177
52.526263131565784,0.2130288297225418
52.601300650325165,0.2128751387124494
52.676338169084545,0.21272210273055311
52.751375687843925,0.21256971966366567
52.826413206603306,0.21241798739859982
52.901450725362686,0.21226690382216828
52.976488244122066,0.2121164668211838
53.05152576288145,0.21196667428245902
53.12656328164083,0.21181752409280669
53.20160080040021,0.21166901413903957
53.27663831915958,0.21152114230797037
53.35167583791896,0.21137390648641174
53.42671335667834,0.2112273045611765
53.50175087543772,0.21108133441907728
53.5767883941971,0.21093599394692686
53.65182591295648,0.2107912810315379
53.72686343171586,0.2106471935597232
53.80190095047524,0.21050372941829543
53.876938469234624,0.21036088649406734
53.951975987994004,0.2102186626738516
54.02701350675338,0.21007705584446099
54.10205102551276,0.20993606389270814
54.17708854427214,0.20979568470540585
54.25212606303152,0.20965591616936685
54.3271635817909,0.2095167561714038
54.40220110055028,0.20937820259832945
54.47723861930966,0.20924025333695653
54.55227613806904,0.20910290627409772
54.62731365682842,0.2089661592965658
54.7023511755878,0.20883001029117343
54.77738869434718,0.20869445714473336
54.852426213106554,0.2085594977440583
54.927463731865934,0.208425129975961
55.002501250625315,0.20829135172725413
55.077538769384695,0.20815816088475048
55.152576288144076,0.20802555533526268
55.227613806903456,0.20789353296560348
55.302651325662836,0.20776209166258566
55.37768884442222,0.20763122931302186
55.4527263631816,0.20750094380372483
55.52776388194098,0.2073712330215073
55.60280140070036,0.20724209485318199
55.67783891945973,0.20711352718556164
55.75287643821911,0.2069855279054589
55.82791395697849,0.20685809489968657
55.90295147573787,0.2067312260550573
55.97798899449725,0.20660491925838384
56.05302651325663,0.20647917239647895
56.12806403201601,0.20635398335615526
56.20310155077539,0.20622935002422557
56.278139069534774,0.20610527028750258
56.353176588294154,0.20598174203279898
56.428214107053535,0.2058587631469275
56.50325162581291,0.20573633151670093
56.57828914457229,0.20561444502893186
56.65332666333167,0.2054931015704331
56.72836418209105,0.20537229902801735
56.80340170085043,0.20525203528849734
56.87843921960981,0.20513230823868575
56.95347673836919,0.20501311576539535
57.02851425712857,0.20489445575543883
57.10355177588795,0.2047763260956289
57.17858929464733,0.20465872467277835
57.253626813406704,0.2045416493736998
57.328664332166085,0.20442509808520604
57.403701850925465,0.20430906869410975
57.478739369684845,0.2041935590872237
57.553776888444226,0.20407856715136052
57.628814407203606,0.20396409077333302
57.70385192596299,0.2038501278399539
57.77888944472237,0.20373667623803585
57.85392696348175,0.2036237338543916
57.92896448224113,0.20351129857583386
58.00400200100051,0.20339936828917538
58.07903951975988,0.20328794088122887
58.15407703851926,0.20317701423880707
58.22911455727864,0.20306658624872262
58.30415207603802,0.20295665479778832
58.3791895947974,0.20284721777281686
58.45422711355678,0.20273827306062098
58.52926463231616,0.20262981854801337
58.604302151075544,0.20252185212180673
58.679339669834924,0.20241437166881385
58.754377188594304,0.2023073750758474
58.82941470735368,0.20220086022972014
58.90445222611306,0.20209482501724474
58.97948974487244,0.20198926732523392
59.05452726363182,0.20188418504050043
59.1295647823912,0.201779576049857
59.20460230115058,0.2016754382401163
59.27963981990996,0.2015717694980911
59.35467733866934,0.2014685677105941
59.42971485742872,0.20136583076443804
59.5047523761881,0.20126355654643557
59.57978989494748,0.2011617429433995
59.654827413706855,0.20106038784214247
59.729864932466235,0.20095948912947728
59.804902451225615,0.20085904469221655
59.879939969984996,0.2007590524171731
59.954977488744376,0.2006595101911596
60.030015007503756,0.2005603989756305
60.10505252626314,0.20046156060767492
60.18009004502252,0.20036295635914275
60.2551275637819,0.20026458567758423
60.33016508254128,0.20016644801054967
60.40520260130066,0.20006854280558933
60.48024012006003,0.19997086951025347
60.55527763881941,0.19987342757209242
60.63031515757879,0.19977621643865634
60.70535267633817,0.19967923555749564
60.78039019509755,0.19958248437616055
60.85542771385693,0.19948596234220134
60.930465232616314,0.19938966890316828
61.005502751375694,0.19929360350661166
61.080540270135074,0.19919776560008176
61.155577788894455,0.19910215463112885
61.230615307653835,0.19900677004730322
61.30565282641321,0.19891161129615514
61.38069034517259,0.19881667782523485
61.45572786393197,0.19872196908209272
61.53076538269135,0.19862748451427895
61.60580290145073,0.19853322356934378
61.68084042021011,0.19843918569483757
61.75587793896949,0.19834537033831062
61.83091545772887,0.1982517769473131
61.90595297648825,0.1981584049693954
61.98099049524763,0.19806525385210774
62.056028014007005,0.19797232304300036
62.131065532766385,0.1978796119896236
62.206103051525766,0.1977871201395277
62.281140570285146,0.19769484694026299
62.356178089044526,0.19760279183937968
62.43121560780391,0.1975109542844281
62.50625312656329,0.1974193337229585
62.58129064532267,0.19732792960252113
62.65632816408205,0.19723674137066632
62.73136568284143,0.1971457684749444
62.80640320160081,0.19705501036290546
62.88144072036018,0.1969644664821
62.95647823911956,0.1968741362800781
63.03151575787894,0.19678401920439018
63.10655327663832,0.19669411470258646
63.1815907953977,0.1966044222222172
63.25662831415708,0.1965149412108327
63.331665832916464,0.19642567111598327
63.406703351675844,0.19633661138521913
63.481740870435225,0.1962477614660906
63.556778389194605,0.19615912080614792
63.63181590795398,0.19607068885294143
63.70685342671336,0.1959824650540213
63.78189094547274,0.19589444885693794
63.85692846423212,0.1958066397092415
63.9319659829915,0.19571903705848234
64.00700350175089,0.1956316403522107
64.08204102051026,0.1955444490379769
64.15707853926963,0.1954574625633312
64.23211605802902,0.19537068037582384
64.3071535767884,0.19528410192300513
64.38219109554778,0.19519772665242532
64.45722861430716,0.19511155401163474
64.53226613306654,0.1950255834481836
64.60730365182592,0.19493981440962227
64.6823411705853,0.19485424634350093
64.75737868934468,0.19476887869736992
64.83241620810406,0.19468371091877948
64.90745372686344,0.19459874245527992
64.98249124562281,0.1945139727544215
65.0575287643822,0.1944294012637545
65.13256628314157,0.19434502743082915
65.20760380190096,0.1942608507031958
65.28264132066033,0.19417687052840474
65.35767883941972,0.19409308635400616
65.43271635817909,0.19400949762755043
65.50775387693848,0.19392610379658773
65.58279139569785,0.19384290430866843
65.65782891445723,0.19375989861134277
65.73286643321661,0.19367708615216098
65.80790395197599,0.19359446637867342
65.88294147073537,0.19351203873843031
65.95797898949475,0.193429802678982
66.03301650825414,0.19334775764787865
66.10805402701351,0.19326590309267064
66.1830915457729,0.19318423846090815
66.25812906453227,0.19310276320014158
66.33316658329166,0.19302147675792114
66.40820410205103,0.1929403785817971
66.4832416208104,0.19285946811931975
66.55827913956979,0.19277874481803936
66.63331665832916,0.19269820812550623
66.70835417708855,0.19261785748927063
66.78339169584793,0.1925376923568828
66.85842921460731,0.19245771217589303
66.93346673336669,0.19237791639385166
67.00850425212607,0.1922983044583089
67.08354177088545,0.19221887581681504
67.15857928964483,0.1921396299169204
67.23361680840421,0.19206056620617518
67.30865432716358,0.19198168413212974
67.38369184592297,0.19190298314233428
67.45872936468234,0.19182446268433914
67.53376688344173,0.19174612220569456
67.6088044022011,0.19166796115395088
67.68384192096049,0.19158997897665825
67.75887943971986,0.19151217512136712
67.83391695847925,0.1914345490356276
67.90895447723862,0.19135710016699004
67.98399199599801,0.19127982796300472
68.05902951475738,0.19120273187122197
68.13406703351676,0.19112581133919193
68.20910455227614,0.191049065814465
68.28414207103552,0.19097249474459144
68.3591795897949,0.19089609757712148
68.43421710855428,0.19081987375960546
68.50925462731367,0.1907438227395936
68.58429214607304,0.19066794396463613
68.65932966483243,0.19059223688228344
68.7343671835918,0.19051670094008583
68.80940470235119,0.19044133558559342
68.88444222111056,0.1903661402663566
68.95947973986993,0.19029111442992563
69.03451725862932,0.19021625752385077
69.1095547773887,0.19014156899568233
69.18459229614808,0.19006704829297055
69.25962981490746,0.18999269486326573
69.33466733366684,0.18991850815411815
69.40970485242622,0.1898444876130781
69.4847423711856,0.18977063268769578
69.55977988994498,0.18969694282552155
69.63481740870435,0.1896234174741057
69.70985492746374,0.18955005608099842
69.78489244622311,0.18947685809375003
69.8599299649825,0.18940382295991084
69.93496748374187,0.1893309501270311
70.01000500250126,0.1892582390426611
70.08504252126063,0.18918568915435108
70.16008004002002,0.18911329990965134
70.2351175587794,0.18904107075611215
70.31015507753878,0.18896900114128384
70.38519259629815,0.1888970905127166
70.46023011505753,0.18882533831796078
70.53526763381691,0.18875374400456663
70.61030515257629,0.18868230702008446
70.68534267133568,0.18861102681206446
70.76038019009505,0.18853990282805697
70.83541770885444,0.18846893451561225
70.91045522761381,0.18839812132228062
70.9854927463732,0.18832746269561232
71.06053026513257,0.18825695808315762
71.13556778389196,0.1881866069324668
71.21060530265133,0.18811640869109017
71.2856428214107,0.188046362806578
71.36068034017009,0.1879764687264805
71.43571785892946,0.18790672589834806
71.51075537768885,0.1878371337697308
71.58579289644823,0.18776769178817918
71.66083041520761,0.1876983994012434
71.73586793396699,0.18762925605647368
71.81090545272637,0.18756026120142036
71.88594297148575,0.1874914142836337
71.96098049024513,0.187422714750664
72.03601800900451,0.1873541620500615
72.11105552776388,0.18728575562937652
72.18609304652327,0.18721749493615925
72.26113056528264,0.1871493794179601
72.33616808404203,0.18708140852232924
72.4112056028014,0.18701358169681703
72.48624312156079,0.18694589838897366
72.56128064032016,0.18687835804634945
72.63631815907955,0.18681096011649467
72.71135567783892,0.18674370404695964
72.78639319659831,0.1866765892852946
72.86143071535768,0.18660961527904982
72.93646823411706,0.18654278147577558
73.01150575287645,0.18647608732302218
73.08654327163582,0.18640953226833987
73.1615807903952,0.18634311575927895
73.23661830915458,0.18627683724338967
73.31165582791397,0.18621069616822233
73.38669334667334,0.18614469198132721
73.46173086543273,0.18607882413025456
73.5367683841921,0.1860130920625547
73.61180590295149,0.1859474952257779
73.68684342171086,0.1858820330674744
73.76188094047023,0.18581670503519448
73.83691845922962,0.18575151057648848
73.911955977989,0.1856864491389066
73.98699349674838,0.18562152016999914
74.06203101550776,0.18555672311731644
74.13706853426714,0.18549205742840869
74.21210605302652,0.1854275225508262
74.2871435717859,0.18536311793211924
74.36218109054528,0.18529884301983815
74.43721860930467,0.1852346972615331
74.51225612806404,0.18517068010475446
74.58729364682341,0.18510679099705246
74.6623311655828,0.1850430293859774
74.73736868434217,0.18497939471907954
74.81240620310156,0.18491588644390913
74.88744372186093,0.1848525040080165
74.96248124062032,0.1847892468589519
75.0375187593797,0.18472611444426568
75.11255627813908,0.184663106211508
75.18759379689845,0.18460022160822917
75.26263131565783,0.18453746008197952
75.33766883441722,0.18447482108030927
75.41270635317659,0.18441230405076878
75.48774387193598,0.18434990844090818
75.56278139069535,0.1842876336982779
75.63781890945474,0.18422547927042812
75.71285642821411,0.1841634446049092
75.7878939469735,0.18410152914927133
75.86293146573287,0.18403973235106483
75.93796898449226,0.18397805365783995
76.01300650325163,0.18391649251714706
76.088044022011,0.18385504837653635
76.16308154077039,0.18379372068355807
76.23811905952977,0.1837325088857626
76.31315657828915,0.18367141243070012
76.38819409704853,0.18361043076592098
76.46323161580791,0.1835495633389754
76.53826913456729,0.18348880959741368
76.61330665332667,0.1834281689887861
76.68834417208605,0.18336764096064298
76.76338169084543,0.18330722496053453
76.83841920960481,0.18324692043601104
76.91345672836418,0.1831867268346228
76.98849424712357,0.18312664360392014
77.06353176588294,0.18306667019145326
77.13856928464233,0.18300680604477243
77.2136068034017,0.18294705061142796
77.28864432216109,0.18288740333897016
77.36368184092046,0.18282786367494927
77.43871935967985,0.18276843106691557
77.51375687843922,0.18270910496241932
77.58879439719861,0.18264988480901084
77.66383191595799,0.18259077005424038
77.73886943471736,0.18253176014565825
77.81390695347675,0.18247285453081466
77.88894447223612,0.18241405265725993
77.9639819909955,0.18235535397254435
78.03901950975488,0.18229675792421818
78.11405702851427,0.1822382639598317
78.18909454727364,0.18217987152693518
78.26413206603303,0.18212158007307888
78.3391695847924,0.18206338904581315
78.41420710355179,0.1820052978926882
78.48924462231116,0.18194730606125434
78.56428214107054,0.1818894129990618
78.63931965982992,0.18183161815366092
78.7143571785893,0.18177392097260195
78.78939469734868,0.18171632090343515
78.86443221610806,0.1816588173937108
78.93946973486744,0.1816014098909792
79.01450725362682,0.18154409784279066
79.0895447723862,0.18148688069669536
79.16458229114558,0.18142975790024368
79.23961980990495,0.18137272890098582
79.31465732866434,0.1813157931464721
79.38969484742371,0.18125895008425277
79.4647323661831,0.18120219916187816
79.53976988494247,0.18114553982689846
79.61480740370186,0.18108897152686404
79.68984492246123,0.18103249370932512
79.76488244122062,0.180976105821832
79.83991995998,0.1809198073119349
79.91495747873938,0.1808635976271842
79.98999499749875,0.18080747621513016
80.06503251625813,0.18075144809532168
80.14007003501752,0.18069552204133899
80.21510755377689,0.18063969796435356
80.29014507253628,0.180583975644641
80.36518259129565,0.180528354862477
80.44022011005504,0.18047283539813727
80.51525762881441,0.1804174170318975
80.5902951475738,0.18036209954403334
80.66533266633317,0.18030688271482045
80.74037018509256,0.18025176632453457
80.81540770385193,0.18019675015345127
80.8904452226113,0.18014183398184638
80.96548274137069,0.18008701758999546
81.04052026013007,0.18003230075817422
81.11555777888945,0.1799776832666583
81.19059529764883,0.1799231648957235
81.26563281640821,0.17986874542564538
81.34067033516759,0.17981442463669967
81.41570785392697,0.17976020230916204
81.49074537268635,0.17970607822330817
81.56578289144574,0.17965205215941374
81.64082041020511,0.17959812389775442
81.71585792896448,0.17954429321860585
81.79089544772387,0.1794905599022438
81.86593296648324,0.1794369237289439
81.94097048524263,0.1793833844789818
82.016008004002,0.1793299419326332
82.09104552276139,0.1792765958701738
82.16608304152076,0.17922334607187929
82.24112056028015,0.17917019231802528
82.31615807903952,0.1791171343888875
82.39119559779891,0.17906417206474165
82.46623311655829,0.17901130512586336
82.54127063531766,0.17895853335252832
82.61630815407705,0.1789058565250122
82.69134567283642,0.1788532744235907
82.7663831915958,0.17880078682853948
82.84142071035518,0.17874839352013427
82.91645822911457,0.17869609427865066
82.99149574787394,0.17864388888436442
83.06653326663333,0.17859177711755114
83.1415707853927,0.1785397587584866
83.21660830415209,0.17848783358744638
83.29164582291146,0.17843600138470622
83.36668334167084,0.17838426193054177
83.44172086043022,0.1783326150052287
83.5167583791896,0.17828106038904276
83.59179589794898,0.17822959786225953
83.66683341670836,0.17817822720515475
83.74187093546774,0.17812694819800406
83.81690845422712,0.1780757606210832
83.8919459729865,0.17802466425466779
83.96698349174588,0.17797365887903352
84.04202101050527,0.1779227442744561
84.11705852926464,0.17787192022121112
84.19209604802401,0.1778211864995744
84.2671335667834,0.1777705428898215
84.34217108554277,0.17771998917222814
84.41720860430216,0.17766952512707002
84.49224612306153,0.1776191505346228
84.56728364182092,0.17756886517516213
84.6423211605803,0.17751866882896372
84.71735867933968,0.17746856127630323
84.79239619809906,0.17741854229745638
84.86743371685843,0.17736861167269882
84.94247123561782,0.1773187691823062
85.01750875437719,0.17726901460655428
85.09254627313658,0.17721934772571862
85.16758379189595,0.17716976832007503
85.24262131065534,0.17712027616989906
85.31765882941471,0.17707087105546646
85.3926963481741,0.17702155275705295
85.46773386693347,0.17697232105493413
85.54277138569286,0.17692317572938568
85.61780890445223,0.17687411656068333
85.6928464232116,0.17682514332910274
85.767883941971,0.17677625581491957
85.84292146073037,0.1767274537984095
85.91795897948975,0.17667873705984824
85.99299649824913,0.17663010537951143
86.06803401700851,0.1765815585376748
86.14307153576789,0.17653309631461397
86.21810905452728,0.17648471849060463
86.29314657328665,0.17643642484592248
86.36818409204604,0.1763882151608432
86.44322161080541,0.17634008921564245
86.51825912956478,0.1762920467905959
86.59329664832417,0.17624408766597927
86.66833416708354,0.17619621162206825
86.74337168584293,0.17614841843913842
86.8184092046023,0.1761007078974655
86.89344672336169,0.1760530797773253
86.96848424212106,0.17600553385899328
87.04352176088045,0.1759580699227453
87.11855927963983,0.17591068774885696
87.19359679839921,0.17586338711760388
87.26863431715859,0.17581616780926185
87.34367183591796,0.1757690296041065
87.41870935467735,0.17572197228241349
87.49374687343672,0.17567499562445854
87.56878439219611,0.17562809941051727
87.64382191095548,0.17558128342086546
87.71885942971487,0.17553454743577865
87.79389694847424,0.17548789123553266
87.86893446723363,0.17544131460040308
87.943971985993,0.17539481731066556
88.01900950475239,0.17534839914659586
88.09404702351176,0.17530205988846964
88.16908454227114,0.17525579931656254
88.24412206103052,0.17520961721115028
88.3191595797899,0.17516351335250852
88.39419709854928,0.17511748752091294
88.46923461730866,0.17507153949663923
88.54427213606805,0.17502566905996303
88.61930965482742,0.1749798759911601
88.6943471735868,0.17493416007050602
88.76938469234618,0.17488852107827654
88.84442221110555,0.17484295879474726
88.91945972986494,0.17479747300019394
88.99449724862431,0.17475206347489225
89.0695347673837,0.1747067299991178
89.14457228614307,0.17466147235314633
89.21960980490246,0.1746162903172535
89.29464732366183,0.17457118367171504
89.36968484242122,0.17452615219680653
89.4447223611806,0.1744811956728037
89.51975987993998,0.1744363138799823
89.59479739869936,0.17439150659861785
89.66983491745873,0.17434677360898618
89.74487243621812,0.17430211469136286
89.81990995497749,0.17425752962602362
89.89494747373688,0.1742130181932441
89.96998499249625,0.17416858017330009
90.04502251125564,0.17412421534646713
90.12006003001501,0.17407992349302095
90.1950975487744,0.17403570439323723
90.27013506753377,0.1739915578273917
90.34517258629316,0.17394748357575995
90.42021010505253,0.17390348141861775
90.4952476238119,0.17385955113624066
90.5702851425713,0.17381569250890444
90.64532266133067,0.17377190531688483
90.72036018009005,0.17372818934045733
90.79539769884943,0.1736845443598978
90.87043521760882,0.1736409701554818
90.94547273636819,0.17359746650748512
91.02051025512758,0.17355403319618326
91.09554777388695,0.17351067000185205
91.17058529264634,0.17346737670476714
91.24562281140571,0.1734241530852042
91.32066033016508,0.17338099892343892
91.39569784892447,0.17333791399974693
91.47073536768384,0.17329489809440393
91.54577288644323,0.17325195098768562
91.6208104052026,0.1732090724598677
91.69584792396199,0.17316626229122575
91.77088544272137,0.17312352026203556
91.84592296148075,0.17308084615257271
91.92096048024013,0.17303823974311303
91.99599799899951,0.172995700813932
92.07103551775889,0.17295322914530545
92.14607303651826,0.172910824517509
92.22111055527765,0.1728684867108183
92.29614807403702,0.1728262155055091
92.37118559279641,0.17278401068185703
92.44622311155578,0.1727418720201378
92.52126063031517,0.17269979930062704
92.59629814907454,0.17265779230360048
92.67133566783393,0.17261585080933375
92.7463731865933,0.17257397459810256
92.82141070535269,0.1725321634501826
92.89644822411206,0.17249041714584953
92.97148574287144,0.172448735465379
93.04652326163082,0.17240711818904678
93.1215607803902,0.17236556509712841
93.19659829914958,0.1723240759698997
93.27163581790896,0.17228265058763625
93.34667333666835,0.17224128873061378
93.42171085542772,0.17219999017910795
93.4967483741871,0.17215875471339442
93.57178589294648,0.17211758211374892
93.64682341170587,0.17207647216044702
93.72186093046524,0.17203542463376453
93.79689844922461,0.1719944393139771
93.871935967984,0.17195351598136038
93.94697348674337,0.17191265441619002
94.02201100550276,0.17187185439874172
94.09704852426214,0.1718311157092912
94.17208604302152,0.17179043812811406
94.2471235617809,0.1717498214354861
94.32216108054028,0.17170926541168283
94.39719859929966,0.17166876983698007
94.47223611805903,0.17162833449165346
94.54727363681842,0.17158795915597866
94.62231115557779,0.17154764361023137
94.69734867433718,0.17150738763468723
94.77238619309655,0.17146719100962193
94.84742371185594,0.1714270535153112
94.92246123061531,0.17138697493203067
94.9974987493747,0.17134695504005604
95.07253626813407,0.17130699361966295
95.14757378689346,0.17126709045112712
95.22261130565283,0.17122724531472427
95.2976488244122,0.17118745799072996
95.3726863431716,0.17114772825941993
95.44772386193097,0.17110805590106987
95.52276138069035,0.17106844069595548
95.59779889944973,0.17102888242435235
95.67283641820912,0.17098938086653628
95.74787393696849,0.17094993580278287
95.82291145572788,0.17091054701336778
95.89794897448725,0.17087121427856677
95.97298649324664,0.17083193737865543
96.04802401200601,0.1707927160939095
96.12306153076538,0.17075355020460461
96.19809904952477,0.17071443949101647
96.27313656828414,0.17067538373342078
96.34817408704353,0.1706363827120932
96.4232116058029,0.1705974362073094
96.49824912456229,0.17055854399934503
96.57328664332167,0.1705197058684758
96.64832416208105,0.17048092159497744
96.72336168084043,0.17044219095912552
96.79839919959981,0.17040351374119578
96.87343671835919,0.17036488972146394
96.94847423711856,0.17032631868020556
97.02351175587795,0.17028780039769645
97.09854927463732,0.17024933465421221
97.17358679339671,0.17021092123002854
97.24862431215608,0.17017255990542107
97.32366183091547,0.17013425046066558
97.39869934967484,0.17009599267603767
97.47373686843423,0.17005778633181304
97.5487743871936,0.17001963120826738
97.62381190595299,0.16998152708567638
97.69884942471236,0.16994347374431565
97.77388694347174,0.16990547096446096
97.84892446223112,0.1698675185263879
97.9239619809905,0.1698296162103722
97.99899949974989,0.16979176379668956
98.07403701850926,0.1697539610656156
98.14907453726865,0.16971620779742605
98.22411205602802,0.16967850377239652
98.2991495747874,0.16964084877080282
98.37418709354678,0.16960324257292048
98.44922461230615,0.16956568495902521
98.52426213106554,0.1695281757093928
98.59929964982491,0.16949071460429882
98.6743371685843,0.16945330142401896
98.74937468734367,0.16941593594882895
98.82441220610306,0.16937861795900438
98.89944972486244,0.16934134723482103
98.97448724362182,0.16930412355655453
99.0495247623812,0.16926694670448053
99.12456228114058,0.16922981645887475
99.19959979989996,0.16919273260001286
99.27463731865933,0.16915569490817056
99.34967483741872,0.16911870316362348
99.42471235617809,0.16908175714664733
99.49974987493748,0.16904485663751778
99.57478739369685,0.16900800141651046
99.64982491245624,0.16897119126390114
99.72486243121561,0.1689344259599655
99.799899949975,0.16889770528497913
99.87493746873437,0.16886102901921773
99.94997498749376,0.16882439694295703
100.02501250625313,0.16878780790284084
100.10005002501251,0.16875124960031557
100.1750875437719,0.1687147182635817
100.25012506253127,0.16867821386996334
100.32516258129066,0.16864173639678456
100.40020010005003,0.1686052858213695
100.47523761880942,0.1685688621210422
100.55027513756879,0.1685324652731268
100.62531265632818,0.16849609525494727
100.70035017508755,0.16845975204382788
100.77538769384694,0.16842343561709255
100.85042521260631,0.1683871459520655
100.92546273136568,0.16835088302607068
101.00050025012507,0.16831464681643232
101.07553776888444,0.1682784373004744
101.15057528764383,0.16824225445552107
101.2256128064032,0.16820609825889637
101.3006503251626,0.16816996868792444
101.37568784392197,0.16813386571992933
101.45072536268135,0.16809778933223515
101.52576288144073,0.16806173950216596
101.60080040020011,0.16802571620704587
101.67583791895949,0.16798971942419902
101.75087543771886,0.1679537491309494
101.82591295647825,0.16791780530462114
101.90095047523762,0.1678818879225383
101.97598799399701,0.167845996962025
102.05102551275638,0.1678101324004054
102.12606303151577,0.16777429421500345
102.20110055027514,0.16773848238314332
102.27613806903453,0.16770269688214906
102.3511755877939,0.1676669376893448
102.42621310655329,0.1676312047820546
102.50125062531266,0.16759549813760252
102.57628814407204,0.16755981773331272
102.65132566283143,0.16752416354650926
102.7263631815908,0.16748853555451618
102.80140070035019,0.1674529337346576
102.87643821910956,0.16741735806425764
102.95147573786895,0.16738180852064033
103.02651325662832,0.16734628508112986
103.10155077538771,0.1673107877230502
103.17658829414708,0.16727531642372548
103.25162581290647,0.16723987116047978
103.32666333166584,0.1672044519106372
103.40170085042521,0.16716905865152187
103.4767383691846,0.1671336913604578
103.55177588794398,0.16709835001476914
103.62681340670336,0.16706303459177993
103.70185092546274,0.1670277450688143
103.77688844422212,0.16699248142319628
103.8519259629815,0.16695724363225004
103.92696348174088,0.1669220316732996
104.00200100050026,0.16688684552366911
104.07703851925963,0.16685168516068258
104.15207603801902,0.16681655056166417
104.22711355677839,0.16678144170393788
104.30215107553778,0.16674635856482792
104.37718859429715,0.1667113011216583
104.45222611305654,0.1666762693517531
104.52726363181591,0.16664126323243644
104.6023011505753,0.1666062827410324
104.67733866933467,0.16657132785486506
104.75237618809406,0.16653639855125849
104.82741370685343,0.16650149480753682
104.90245122561281,0.16646661660102413
104.9774887443722,0.1664317639090445
105.05252626313157,0.16639693670892197
105.12756378189096,0.16636213497798072
105.20260130065033,0.16632735869354476
105.27763881940972,0.16629260783293823
105.35267633816909,0.16625788237348524
105.42771385692848,0.16622318229250976
105.50275137568785,0.16618850756733597
105.57778889444724,0.16615385817528794
105.65282641320661,0.16611923409368978
105.72786393196598,0.16608463529986553
105.80290145072537,0.16605006177113932
105.87793896948475,0.16601551348483526
105.95297648824413,0.16598099041827735
106.0280140070035,0.16594649254878974
106.1030515257629,0.1659120198536965
106.17808904452227,0.16587757231032174
106.25312656328165,0.16584314989598953
106.32816408204103,0.16580875258802397
106.40320160080041,0.16577438036374914
106.47823911955979,0.1657400332004891
106.55327663831916,0.16570571107556797
106.62831415707855,0.16567141396630983
106.70335167583792,0.1656371418500388
106.77838919459731,0.1656028947040789
106.85342671335668,0.1655686725057543
106.92846423211607,0.165534475232389
107.00350175087544,0.16550030286130718
107.07853926963483,0.16546615536983283
107.1535767883942,0.1654320327352901
107.22861430715359,0.1653979349350031
107.30365182591297,0.16536386194629588
107.37868934467234,0.16532981374649253
107.45372686343173,0.1652957903129171
107.5287643821911,0.16526179162289376
107.60380190095049,0.16522781765374653
107.67883941970986,0.16519386838279956
107.75387693846925,0.1651599437873769
107.82891445722862,0.1651260438448026
107.90395197598801,0.1650921685324008
107.97898949474738,0.16505831782749558
108.05402701350675,0.16502449170741104
108.12906453226614,0.16499069014947124
108.20410205102552,0.16495691313100033
108.2791395697849,0.16492316062932227
108.35417708854428,0.16488943262176128
108.42921460730366,0.16485572908564136
108.50425212606304,0.16482204999828665
108.57928964482242,0.16478839533702122
108.6543271635818,0.16475476507916917
108.72936468234118,0.16472115920205457
108.80440220110056,0.1646875776830015
108.87943971985993,0.1646540204993341
108.95447723861932,0.16462048762837636
109.02951475737869,0.16458697904745245
109.10455227613808,0.16455349473388645
109.17958979489745,0.16452003466500248
109.25462731365684,0.16448659881812452
109.32966483241621,0.16445318717057672
109.4047023511756,0.16441979969968318
109.47973986993497,0.16438643638276798
109.55477738869436,0.1643530971971552
109.62981490745373,0.16431978212016898
109.70485242621311,0.16428649112913332
109.7798899449725,0.16425322420137234
109.85492746373187,0.16421998131421014
109.92996498249126,0.1641867624449708
110.00500250125063,0.1641535675709784
110.08004002001002,0.16412039666955708
110.15507753876939,0.1640872497180309
110.23011505752878,0.1640541266937239
110.30515257628815,0.1640210275739602
110.38019009504754,0.16398795233606392
110.45522761380691,0.16395490095735907
110.53026513256629,0.16392187341516987
110.60530265132567,0.16388886968682026
110.68034017008505,0.16385588974963441
110.75537768884443,0.16382293358093641
110.8304152076038,0.16379000115805034
110.9054527263632,0.16375709245830022
110.98049024512257,0.16372420745901026
111.05552776388195,0.1636913461375045
111.13056528264133,0.16365850847110694
111.20560280140072,0.16362569443714176
111.28064032016009,0.16359290401293305
111.35567783891946,0.16356013717580486
111.43071535767885,0.16352739390308133
111.50575287643822,0.16349467417208646
111.58079039519761,0.16346197796014444
111.65582791395698,0.16342930524457927
111.73086543271637,0.1633966560027151
111.80590295147574,0.16336403021187598
111.88094047023513,0.163331427849386
111.9559779889945,0.16329884889256932
112.03101550775389,0.16326629331874992
112.10605302651327,0.16323376110525192
112.18109054527264,0.16320125222939946
112.25612806403203,0.16316876666851657
112.3311655827914,0.16313630439992738
112.40620310155079,0.16310386540095595
112.48124062031016,0.1630714496489264
112.55627813906955,0.16303905712116276
112.63131565782892,0.16300668779498917
112.70635317658831,0.1629743416477297
112.78139069534768,0.16294201865670843
112.85642821410707,0.16290971879924945
112.93146573286644,0.16287744205267687
113.00650325162582,0.16284518839431478
113.0815407703852,0.16281295780148722
113.15657828914458,0.1627807502515183
113.23161580790396,0.16274856572173213
113.30665332666334,0.1627164041894528
113.38169084542272,0.16268426563200436
113.4567283641821,0.16265215002671096
113.53176588294149,0.1626200573508966
113.60680340170086,0.16258798758188545
113.68184092046023,0.16255594069700155
113.75687843921962,0.16252391667356902
113.83191595797899,0.16249191548891193
113.90695347673838,0.16245993712035434
113.98199099549775,0.16242798154522037
114.05702851425714,0.16239604874083413
114.13206603301651,0.16236413868451965
114.2071035517759,0.16233225135360105
114.28214107053527,0.16230038672540245
114.35717858929466,0.16226854477724792
114.43221610805404,0.1622367254864615
114.50725362681341,0.16220492883036733
114.5822911455728,0.16217315478628944
114.65732866433217,0.162141403331552
114.73236618309156,0.16210967444347904
114.80740370185093,0.1620779680993947
114.88244122061032,0.162046284276623
114.95747873936969,0.16201462295248806
115.03251625812908,0.16198298410431397
115.10755377688845,0.1619513677094248
115.18259129564784,0.16191977374514469
115.25762881440721,0.1618882021887977
115.33266633316659,0.16185665301770788
115.40770385192597,0.16182512620919937
115.48274137068535,0.1617936217405962
115.55777888944473,0.1617621395892225
115.6328164082041,0.16173067973240238
115.7078539269635,0.16169924214745987
115.78289144572287,0.16166782681171912
115.85792896448226,0.1616364337025042
115.93296648324163,0.16160506279713915
116.00800400200102,0.1615737140729481
116.08304152076039,0.16154238750725514
116.15807903951976,0.16151108307738435
116.23311655827915,0.1614798007606598
116.30815407703852,0.1614485405344056
116.38319159579791,0.16141730237594584
116.45822911455728,0.1613860862626046
116.53326663331667,0.16135489217170593
116.60830415207604,0.16132372008057402
116.68334167083543,0.16129256996653285
116.7583791895948,0.1612614418069066
116.83341670835419,0.16123033557901928
116.90845422711357,0.161199251260195
116.98349174587294,0.16116818882775785
117.05852926463233,0.16113714825903191
117.1335667833917,0.16110612953134135
117.20860430215109,0.16107513262201015
117.28364182091046,0.16104415750836243
117.35867933966985,0.1610132041677223
117.43371685842922,0.16098227257741385
117.50875437718861,0.1609513627147611
117.58379189594798,0.16092047455708822
117.65882941470736,0.1608896080817193
117.73386693346674,0.16085876326597837
117.80890445222612,0.16082794008718954
117.8839419709855,0.16079713852267688
117.95897948974488,0.16076635854976454
118.03401700850426,0.16073560014577656
118.10905452726364,0.16070486328803704
118.18409204602303,0.16067414795387006
118.2591295647824,0.16064345412059972
118.33416708354179,0.16061278176555005
118.40920460230116,0.16058213086604523
118.48424212106053,0.1605515013994093
118.55927963981992,0.16052089334296635
118.6343171585793,0.16049030667404052
118.70935467733868,0.1604597413699558
118.78439219609805,0.16042919740803635
118.85942971485744,0.1603986747656062
118.93446723361681,0.1603681734199895
119.0095047523762,0.1603376933485103
119.08454227113558,0.16030723452849274
119.15957978989496,0.16027679693726085
119.23461730865434,0.16024638055213872
119.30965482741371,0.16021598535045048
119.3846923461731,0.16018561130952014
119.45972986493247,0.16015525840667189
119.53476738369186,0.16012492661922978
119.60980490245123,0.16009461592451785
119.68484242121062,0.16006432629986025
119.75987993996999,0.160034057722581
119.83491745872938,0.16000381017000428
119.90995497748875,0.15997358361945407
119.98499249624814,0.15994337804825456
120.06003001500751,0.1599131934337298
120.13506753376689,0.15988302975320387
120.21010505252627,0.15985288698400085
120.28514257128565,0.15982276510344484
120.36018009004503,0.15979266408885992
120.43521760880441,0.1597625839175702
120.5102551275638,0.15973252456689974
120.58529264632317,0.15970248601417264
120.66033016508256,0.159672468236713
120.73536768384193,0.15964247121184488
120.81040520260132,0.1596124949168924
120.88544272136069,0.15958253932917962
120.96048024012006,0.15955260442603064
121.03551775887945,0.15952269018476956
121.11055527763882,0.15949279658272045
121.18559279639821,0.15946292359720743
121.26063031515758,0.15943307120555453
121.33566783391697,0.15940323938508585
121.41070535267635,0.15937342811312558
121.48574287143573,0.15934363736699766
121.5607803901951,0.15931386712402623
121.6358179089545,0.15928411736153544
121.71085542771387,0.1592543880568493
121.78589294647324,0.15922467918729194
121.86093046523263,0.15919499073018745
121.935967983992,0.15916532266285988
122.01100550275139,0.15913567496263337
122.08604302151076,0.15910604760683195
122.16108054027015,0.15907644057277975
122.23611805902952,0.15904685383780084
122.31115557778891,0.1590172873792193
122.38619309654828,0.1589877411743593
122.46123061530767,0.1589582152005448
122.53626813406704,0.15892870943509996
122.61130565282642,0.15889922385534885
122.6863431715858,0.1588697584386156
122.76138069034518,0.15884031316222424
122.83641820910456,0.15881088800349885
122.91145572786394,0.1587814829397636
122.98649324662333,0.15875209794834247
123.0615307653827,0.15872273300655965
123.13656828414209,0.15869338809173916
123.21160580290146,0.15866406318120513
123.28664332166083,0.15863475825228163
123.36168084042022,0.15860547328229274
123.4367183591796,0.15857620824856253
123.51175587793898,0.15854696312841512
123.58679339669835,0.1585177378991746
123.66183091545774,0.15848853253816506
123.73686843421712,0.15845934702271058
123.8119059529765,0.15843018133013523
123.88694347173588,0.1584010354377631
123.96198099049526,0.15837190932291828
124.03701850925464,0.1583428029629249
124.11205602801401,0.15831371633510702
124.1870935467734,0.15828464941678871
124.26213106553277,0.1582556021852941
124.33716858429216,0.1582265746179472
124.41220610305153,0.1581975666920722
124.48724362181092,0.1581685783849931
124.56228114057029,0.158139609674034
124.63731865932968,0.15811066053651907
124.71235617808905,0.15808173094977232
124.78739369684844,0.15805282089111786
124.86243121560781,0.15802393033787976
124.93746873436719,0.15799505926738217
125.01250625312657,0.15796620765694908
125.08754377188595,0.15793737548390463
125.16258129064533,0.15790856272557294
125.23761880940471,0.15787976935927805
125.3126563281641,0.1578509953623441
125.38769384692347,0.15782224071209508
125.46273136568286,0.15779350538585515
125.53776888444223,0.15776478936094843
125.61280640320162,0.15773609261469893
125.68784392196099,0.15770741512443082
125.76288144072036,0.1576787568674681
125.83791895947975,0.15765011782113492
125.91295647823912,0.15762149796275532
125.98799399699851,0.15759289726965345
126.06303151575788,0.15756431571915333
126.13806903451727,0.15753575328857913
126.21310655327665,0.15750720995525488
126.28814407203603,0.15747868569650464
126.3631815907954,0.1574501804896526
126.4382191095548,0.15742169431202271
126.51325662831417,0.15739322714093915
126.58829414707354,0.15736477895372605
126.66333166583293,0.15733634972770738
126.7383691845923,0.1573079394402073
126.81340670335169,0.15727954806854988
126.88844422211106,0.15725117559005922
126.96348174087045,0.15722282198205936
127.03851925962982,0.15719448722187448
127.11355677838921,0.15716617128682864
127.18859429714858,0.15713787415424585
127.26363181590796,0.15710959580145029
127.33866933466734,0.15708133620576598
127.41370685342672,0.15705309534451703
127.4887443721861,0.15702487319502756
127.56378189094548,0.15699666973462162
127.63881940970487,0.15696848494062335
127.71385692846424,0.15694031879035675
127.78889444722363,0.15691217126114598
127.863931965983,0.15688404233031508
127.93896948474239,0.15685593197518818
128.01400700350177,0.1568278401730894
128.08904452226113,0.15679976690134276
128.16408204102052,0.1567717121372723
128.2391195597799,0.15674367585820226
128.31415707853927,0.15671565804145662
128.38919459729865,0.15668765866435946
128.46423211605804,0.15665967770423492
128.53926963481743,0.15663171513840707
128.6143071535768,0.1566037709442
128.68934467233618,0.15657584509893782
128.76438219109556,0.15654793757994456
128.83941970985495,0.15652004836454436
128.9144572286143,0.15649217743006127
128.9894947473737,0.1564643247538194
129.06453226613309,0.15643649031314283
129.13956978489244,0.15640867408535564
129.21460730365183,0.15638087604778197
129.28964482241122,0.15635309617774582
129.3646823411706,0.15632533445257135
129.43971985992997,0.15629759084958264
129.51475737868935,0.15626986534610376
129.58979489744874,0.1562421579194588
129.66483241620813,0.15621446854697182
129.7398699349675,0.15618679720596693
129.81490745372687,0.15615914387376825
129.88994497248626,0.15613150852769986
129.96498249124562,0.15610389114508583
130.040020010005,0.15607629170325021
130.1150575287644,0.15604871017951713
130.19009504752378,0.15602114655121072
130.26513256628314,0.155993600795655
130.34017008504253,0.15596607289017406
130.41520760380192,0.15593856281209204
130.49024512256128,0.15591107053873296
130.56528264132066,0.15588359604742094
130.64032016008005,0.1558561393154801
130.71535767883944,0.1558287003202345
130.7903951975988,0.15580127903900823
130.86543271635819,0.15577387544912535
130.94047023511757,0.15574648952791
131.01550775387696,0.15571912125268625
131.09054527263632,0.15569177060077816
131.1655827913957,0.15566443754950982
131.2406203101551,0.15563712207620536
131.31565782891445,0.15560982415818886
131.39069534767384,0.15558254377278438
131.46573286643323,0.15555528089731602
131.54077038519262,0.15552803550910785
131.61580790395197,0.15550080758548399
131.69084542271136,0.15547359710376848
131.76588294147075,0.15544640404128549
131.84092046023014,0.15541922837535904
131.9159579789895,0.15539207008331327
131.99099549774888,0.15536492914247219
132.06603301650827,0.15533780553015997
132.14107053526763,0.15531069922370067
132.21610805402702,0.15528361020041834
132.2911455727864,0.1552565384376371
132.3661830915458,0.15522948391268104
132.44122061030515,0.15520244660287424
132.51625812906454,0.15517542648554078
132.59129564782393,0.1551484235380048
132.6663331665833,0.15512143773759032
132.74137068534267,0.1550944690616215
132.81640820410206,0.1550675174874223
132.89144572286145,0.15504058299231696
132.9664832416208,0.1550136655536295
133.0415207603802,0.15498676514868395
133.11655827913958,0.1549598817548045
133.19159579789897,0.1549330153493152
133.26663331665833,0.15490616590954012
133.34167083541772,0.15487933341280335
133.4167083541771,0.154852517836429
133.4917458729365,0.15482571915774115
133.56678339169585,0.15479893735406386
133.64182091045524,0.1547721724027213
133.71685842921462,0.15474542428103744
133.79189594797398,0.15471869296633647
133.86693346673337,0.1546919784359424
133.94197098549276,0.15466528066717938
134.01700850425215,0.15463859963737145
134.0920460230115,0.15461193532384276
134.1670835417709,0.15458528770391733
134.24212106053028,0.15455865675491928
134.31715857928967,0.15453204245417268
134.39219609804903,0.15450544477900163
134.46723361680841,0.15447886370673022
134.5422711355678,0.15445229921468256
134.61730865432716,0.15442575128018274
134.69234617308655,0.1543992198805548
134.76738369184594,0.15437270499312283
134.84242121060532,0.15434620659521095
134.91745872936468,0.15431972466414326
134.99249624812407,0.15429325917724376
135.06753376688346,0.15426681011183668
135.14257128564284,0.154240377445246
135.2176088044022,0.15421396115479585
135.2926463231616,0.1541875612178103
135.36768384192098,0.15416117761161344
135.44272136068034,0.15413481031352938
135.51775887943973,0.15410845930088218
135.5927963981991,0.15408212455099596
135.6678339169585,0.1540558060411948
135.74287143571786,0.15402950374880273
135.81790895447725,0.15400321765114391
135.89294647323663,0.1539769477255424
135.96798399199602,0.15395069394932226
136.04302151075538,0.1539244562998077
136.11805902951477,0.1538982347543226
136.19309654827416,0.15387202929019123
136.26813406703351,0.1538458398847376
136.3431715857929,0.1538196665152858
136.4182091045523,0.15379350915915993
136.49324662331168,0.15376736779368408
136.56828414207104,0.15374124239618236
136.64332166083042,0.15371513294397882
136.7183591795898,0.15368903941439754
136.7933966983492,0.15366296178476263
136.86843421710856,0.1536369000323982
136.94347173586794,0.1536108541346283
137.01850925462733,0.15358482406877702
137.0935467733867,0.15355880981216846
137.16858429214608,0.1535328113421267
137.24362181090547,0.15350682863597587
137.31865932966485,0.15348086167104
137.3936968484242,0.15345491042464324
137.4687343671836,0.1534289748741096
137.543771885943,0.1534030549967632
137.61880940470238,0.15337715076992817
137.69384692346173,0.15335126217092854
137.76888444222112,0.1533253891770884
137.8439219609805,0.1532995317657319
137.91895947973987,0.1532736899141831
137.99399699849926,0.15324786359976608
138.06903451725864,0.15322205279980486
138.14407203601803,0.15319625749162366
138.2191095547774,0.15317047765254646
138.29414707353678,0.1531447132598974
138.36918459229616,0.15311896429100055
138.44422211105555,0.15309323072318
138.5192596298149,0.15306751253375986
138.5942971485743,0.1530418097000642
138.6693346673337,0.15301612219941713
138.74437218609305,0.15299045000914266
138.81940970485243,0.15296479310656497
138.89444722361182,0.1529391514690081
138.9694847423712,0.15291352507379616
139.04452226113057,0.1528879138982532
139.11955977988995,0.15286231791970334
139.19459729864934,0.1528367371154707
139.2696348174087,0.15281117146287934
139.3446723361681,0.15278562093925332
139.41970985492748,0.15276008552191672
139.49474737368686,0.15273456518819367
139.56978489244622,0.15270905991540823
139.6448224112056,0.15268356968088453
139.719859929965,0.15265809446194664
139.79489744872438,0.1526326342359186
139.86993496748374,0.15260718898012457
139.94497248624313,0.15258175867188858
140.02001000500252,0.1525563432885348
140.09504752376188,0.1525309428073872
140.17008504252126,0.15250555720576991
140.24512256128065,0.15248018646100708
140.32016008004004,0.15245483055042275
140.3951975987994,0.15242948945134102
140.4702351175588,0.15240416314108593
140.54527263631817,0.15237885159698164
140.62031015507756,0.1523535547963522
140.69534767383692,0.15232827271652172
140.7703851925963,0.15230300533481425
140.8454227113557,0.15227775262855392
140.92046023011505,0.15225251457506475
140.99549774887444,0.15222729115167088
141.07053526763383,0.15220208233569646
141.14557278639322,0.15217688810446545
141.22061030515258,0.15215170843530207
141.29564782391196,0.15212654330553027
141.37068534267135,0.15210139269247422
141.44572286143074,0.152076256573458
141.5207603801901,0.1520511349258057
141.59579789894948,0.15202602772684137
141.67083541770887,0.15200093495388917
141.74587293646823,0.15197585658427315
141.82091045522762,0.15195079259531738
141.895947973987,0.15192574296434594
141.9709854927464,0.15190070766868297
142.04602301150575,0.1518756866856525
142.12106053026514,0.15185067999257865
142.19609804902453,0.1518256875667855
142.27113556778392,0.15180070938559714
142.34617308654327,0.15177574542633773
142.42121060530266,0.1517507956663312
142.49624812406205,0.15172586008290176
142.5712856428214,0.15170093865337347
142.6463231615808,0.15167603135507043
142.72136068034018,0.15165113816531667
142.79639819909957,0.15162625906143634
142.87143571785893,0.15160139402075348
142.94647323661832,0.15157654302059223
143.0215107553777,0.15155170603827664
143.0965482741371,0.1515268830511308
143.17158579289645,0.15150207403647886
143.24662331165584,0.1514772789716448
143.32166083041523,0.15145249783395281
143.39669834917459,0.15142773060072687
143.47173586793397,0.15140297724929117
143.54677338669336,0.15137823775696976
143.62181090545275,0.15135351210108672
143.6968484242121,0.15132880025896614
143.7718859429715,0.15130410220793214
143.84692346173088,0.15127941792530872
143.92196098049027,0.15125474738842007
143.99699849924963,0.15123009057459025
144.07203601800902,0.1512054474611433
144.1470735367684,0.15118081802540337
144.22211105552776,0.1511562022446945
144.29714857428715,0.1511316000963408
144.37218609304654,0.15110701155766634
144.44722361180592,0.15108243660599527
144.52226113056528,0.15105787521865163
144.59729864932467,0.15103332737295946
144.67233616808406,0.15100879304624293
144.74737368684345,0.15098427221582608
144.8224112056028,0.15095976485903304
144.8974487243622,0.15093527095318782
144.97248624312158,0.1509107904756146
145.04752376188094,0.15088632340363745
145.12256128064033,0.1508618697145804
145.1975987993997,0.15083742938576758
145.2726363181591,0.15081300239452308
145.34767383691846,0.15078858871817097
145.42271135567785,0.15076418833403538
145.49774887443724,0.15073980121944033
145.57278639319662,0.15071542735170995
145.64782391195598,0.15069106670816831
145.72286143071537,0.15066671926613953
145.79789894947476,0.15064238500294766
145.87293646823412,0.15061806389591684
145.9479739869935,0.1505937559223711
146.0230115057529,0.15056946105963456
146.09804902451228,0.1505451792850313
146.17308654327164,0.1505209105758854
146.24812406203102,0.15049665490952094
146.3231615807904,0.15047241226326202
146.3981990995498,0.15044818261443277
146.47323661830916,0.15042396594035723
146.54827413706855,0.15039976221835952
146.62331165582793,0.15037557142576366
146.6983491745873,0.1503513935398938
146.77338669334668,0.150327228538074
146.84842421210607,0.15030307639762838
146.92346173086545,0.150278937095881
146.9984992496248,0.15025481061015597
147.0735367683842,0.15023069691777735
147.1485742871436,0.15020659599606925
147.22361180590298,0.15018250782235573
147.29864932466234,0.15015843237396093
147.37368684342172,0.1501343696282089
147.4487243621811,0.1501103195624237
147.52376188094047,0.15008628215392947
147.59879939969986,0.15006225738005027
147.67383691845924,0.15003824521811024
147.74887443721863,0.15001424564543336
147.823911955978,0.14999025863934387
147.89894947473738,0.1499662841771657
147.97398699349677,0.14994232223622303
148.04902451225615,0.14991837279383996
148.1240620310155,0.1498944358273405
148.1990995497749,0.14987051131404877
148.2741370685343,0.1498465992312889
148.34917458729365,0.14982269955638497
148.42421210605303,0.14979881226666106
148.49924962481242,0.1497749373394412
148.5742871435718,0.14975107475204955
148.64932466233117,0.14972722448181014
148.72436218109056,0.1497033865060471
148.79939969984994,0.14967956080208453
148.87443721860933,0.1496557473472465
148.9494747373687,0.14963194611885708
149.02451225612808,0.14960815709424036
149.09954977488746,0.14958438025072046
149.17458729364682,0.14956061556562147
149.2496248124062,0.1495368630162674
149.3246623311656,0.14951312257998242
149.39969984992499,0.1494893942340906
149.47473736868434,0.149465677955916
149.54977488744373,0.14944197372278276
149.62481240620312,0.1494182815120149
149.69984992496248,0.14939460130093657
149.77488744372187,0.14937093306687182
149.84992496248125,0.14934727678714474
149.92496248124064,0.14932363243907942
150.0,0.1493
